{"_format":"","paths":{"artifacts":"out","build_infos":"out/build-info","sources":"src","tests":"test","scripts":"script","libraries":["lib"]},"files":{"lib/forge-std/src/interfaces/IERC20.sol":{"lastModificationDate":1721510107678,"contentHash":"8099161d518e5862a76750349d58e801","sourceName":"lib/forge-std/src/interfaces/IERC20.sol","compilerSettings":{"solc":{"optimizer":{"enabled":true,"runs":200},"metadata":{"useLiteralContent":false,"bytecodeHash":"ipfs","appendCBOR":true},"outputSelection":{"*":{"":["ast"],"*":["abi","evm.bytecode","evm.deployedBytecode","evm.methodIdentifiers","metadata"]}},"evmVersion":"paris","viaIR":false,"libraries":{}},"vyper":{"evmVersion":"paris","outputSelection":{"*":{"*":["abi","evm.bytecode","evm.deployedBytecode"]}}}},"imports":[],"versionRequirement":">=0.6.2","artifacts":{"IERC20":{"0.8.20":{"path":"IERC20.sol/IERC20.json","build_id":"004d6a6663804a9f89de5a08627c982f"}}},"seenByCompiler":true},"lib/openzeppelin-contracts/contracts/interfaces/draft-IERC6093.sol":{"lastModificationDate":1721510122428,"contentHash":"4aefc698f77ecbace7f401257dfe182d","sourceName":"lib/openzeppelin-contracts/contracts/interfaces/draft-IERC6093.sol","compilerSettings":{"solc":{"optimizer":{"enabled":true,"runs":200},"metadata":{"useLiteralContent":false,"bytecodeHash":"ipfs","appendCBOR":true},"outputSelection":{"*":{"":["ast"],"*":["abi","evm.bytecode","evm.deployedBytecode","evm.methodIdentifiers","metadata"]}},"evmVersion":"paris","viaIR":false,"libraries":{}},"vyper":{"evmVersion":"paris","outputSelection":{"*":{"*":["abi","evm.bytecode","evm.deployedBytecode"]}}}},"imports":[],"versionRequirement":"^0.8.20","artifacts":{"IERC1155Errors":{"0.8.20":{"path":"draft-IERC6093.sol/IERC1155Errors.json","build_id":"004d6a6663804a9f89de5a08627c982f"}},"IERC20Errors":{"0.8.20":{"path":"draft-IERC6093.sol/IERC20Errors.json","build_id":"004d6a6663804a9f89de5a08627c982f"}},"IERC721Errors":{"0.8.20":{"path":"draft-IERC6093.sol/IERC721Errors.json","build_id":"004d6a6663804a9f89de5a08627c982f"}}},"seenByCompiler":true},"lib/openzeppelin-contracts/contracts/token/ERC20/ERC20.sol":{"lastModificationDate":1721510122428,"contentHash":"c6375ef25e84c90b3d15f9ec4eef218f","sourceName":"lib/openzeppelin-contracts/contracts/token/ERC20/ERC20.sol","compilerSettings":{"solc":{"optimizer":{"enabled":true,"runs":200},"metadata":{"useLiteralContent":false,"bytecodeHash":"ipfs","appendCBOR":true},"outputSelection":{"*":{"":["ast"],"*":["abi","evm.bytecode","evm.deployedBytecode","evm.methodIdentifiers","metadata"]}},"evmVersion":"paris","viaIR":false,"libraries":{}},"vyper":{"evmVersion":"paris","outputSelection":{"*":{"*":["abi","evm.bytecode","evm.deployedBytecode"]}}}},"imports":["lib/openzeppelin-contracts/contracts/interfaces/draft-IERC6093.sol","lib/openzeppelin-contracts/contracts/token/ERC20/IERC20.sol","lib/openzeppelin-contracts/contracts/token/ERC20/extensions/IERC20Metadata.sol","lib/openzeppelin-contracts/contracts/utils/Context.sol"],"versionRequirement":"^0.8.20","artifacts":{"ERC20":{"0.8.20":{"path":"ERC20.sol/ERC20.json","build_id":"004d6a6663804a9f89de5a08627c982f"}}},"seenByCompiler":true},"lib/openzeppelin-contracts/contracts/token/ERC20/IERC20.sol":{"lastModificationDate":1721510122428,"contentHash":"5517c8678c18eb1a8ba58810e7ca39ca","sourceName":"lib/openzeppelin-contracts/contracts/token/ERC20/IERC20.sol","compilerSettings":{"solc":{"optimizer":{"enabled":true,"runs":200},"metadata":{"useLiteralContent":false,"bytecodeHash":"ipfs","appendCBOR":true},"outputSelection":{"*":{"":["ast"],"*":["abi","evm.bytecode","evm.deployedBytecode","evm.methodIdentifiers","metadata"]}},"evmVersion":"paris","viaIR":false,"libraries":{}},"vyper":{"evmVersion":"paris","outputSelection":{"*":{"*":["abi","evm.bytecode","evm.deployedBytecode"]}}}},"imports":[],"versionRequirement":"^0.8.20","artifacts":{"IERC20":{"0.8.20":{"path":"ERC20/IERC20.sol/IERC20.json","build_id":"004d6a6663804a9f89de5a08627c982f"}}},"seenByCompiler":true},"lib/openzeppelin-contracts/contracts/token/ERC20/extensions/IERC20Metadata.sol":{"lastModificationDate":1721510122428,"contentHash":"4c02fa6f7ae7b6c289cef80424f0c875","sourceName":"lib/openzeppelin-contracts/contracts/token/ERC20/extensions/IERC20Metadata.sol","compilerSettings":{"solc":{"optimizer":{"enabled":true,"runs":200},"metadata":{"useLiteralContent":false,"bytecodeHash":"ipfs","appendCBOR":true},"outputSelection":{"*":{"":["ast"],"*":["abi","evm.bytecode","evm.deployedBytecode","evm.methodIdentifiers","metadata"]}},"evmVersion":"paris","viaIR":false,"libraries":{}},"vyper":{"evmVersion":"paris","outputSelection":{"*":{"*":["abi","evm.bytecode","evm.deployedBytecode"]}}}},"imports":["lib/openzeppelin-contracts/contracts/token/ERC20/IERC20.sol"],"versionRequirement":"^0.8.20","artifacts":{"IERC20Metadata":{"0.8.20":{"path":"IERC20Metadata.sol/IERC20Metadata.json","build_id":"004d6a6663804a9f89de5a08627c982f"}}},"seenByCompiler":true},"lib/openzeppelin-contracts/contracts/token/ERC20/extensions/IERC20Permit.sol":{"lastModificationDate":1721510122428,"contentHash":"da291753fa4641f2c5837bfc4aa4c01b","sourceName":"lib/openzeppelin-contracts/contracts/token/ERC20/extensions/IERC20Permit.sol","compilerSettings":{"solc":{"optimizer":{"enabled":true,"runs":200},"metadata":{"useLiteralContent":false,"bytecodeHash":"ipfs","appendCBOR":true},"outputSelection":{"*":{"":["ast"],"*":["abi","evm.bytecode","evm.deployedBytecode","evm.methodIdentifiers","metadata"]}},"evmVersion":"paris","viaIR":false,"libraries":{}},"vyper":{"evmVersion":"paris","outputSelection":{"*":{"*":["abi","evm.bytecode","evm.deployedBytecode"]}}}},"imports":[],"versionRequirement":"^0.8.20","artifacts":{"IERC20Permit":{"0.8.20":{"path":"IERC20Permit.sol/IERC20Permit.json","build_id":"004d6a6663804a9f89de5a08627c982f"}}},"seenByCompiler":true},"lib/openzeppelin-contracts/contracts/token/ERC20/utils/SafeERC20.sol":{"lastModificationDate":1721510122428,"contentHash":"697fd27924863e77c17dace2179018b2","sourceName":"lib/openzeppelin-contracts/contracts/token/ERC20/utils/SafeERC20.sol","compilerSettings":{"solc":{"optimizer":{"enabled":true,"runs":200},"metadata":{"useLiteralContent":false,"bytecodeHash":"ipfs","appendCBOR":true},"outputSelection":{"*":{"":["ast"],"*":["abi","evm.bytecode","evm.deployedBytecode","evm.methodIdentifiers","metadata"]}},"evmVersion":"paris","viaIR":false,"libraries":{}},"vyper":{"evmVersion":"paris","outputSelection":{"*":{"*":["abi","evm.bytecode","evm.deployedBytecode"]}}}},"imports":["lib/openzeppelin-contracts/contracts/token/ERC20/IERC20.sol","lib/openzeppelin-contracts/contracts/token/ERC20/extensions/IERC20Permit.sol","lib/openzeppelin-contracts/contracts/utils/Address.sol"],"versionRequirement":"^0.8.20","artifacts":{"SafeERC20":{"0.8.20":{"path":"SafeERC20.sol/SafeERC20.json","build_id":"004d6a6663804a9f89de5a08627c982f"}}},"seenByCompiler":true},"lib/openzeppelin-contracts/contracts/utils/Address.sol":{"lastModificationDate":1721510122428,"contentHash":"79c699f80eb8a9b168cb34e37816f894","sourceName":"lib/openzeppelin-contracts/contracts/utils/Address.sol","compilerSettings":{"solc":{"optimizer":{"enabled":true,"runs":200},"metadata":{"useLiteralContent":false,"bytecodeHash":"ipfs","appendCBOR":true},"outputSelection":{"*":{"":["ast"],"*":["abi","evm.bytecode","evm.deployedBytecode","evm.methodIdentifiers","metadata"]}},"evmVersion":"paris","viaIR":false,"libraries":{}},"vyper":{"evmVersion":"paris","outputSelection":{"*":{"*":["abi","evm.bytecode","evm.deployedBytecode"]}}}},"imports":[],"versionRequirement":"^0.8.20","artifacts":{"Address":{"0.8.20":{"path":"Address.sol/Address.json","build_id":"004d6a6663804a9f89de5a08627c982f"}}},"seenByCompiler":true},"lib/openzeppelin-contracts/contracts/utils/Context.sol":{"lastModificationDate":1721510122338,"contentHash":"67bfbc07588eb8683b3fd8f6f909563e","sourceName":"lib/openzeppelin-contracts/contracts/utils/Context.sol","compilerSettings":{"solc":{"optimizer":{"enabled":true,"runs":200},"metadata":{"useLiteralContent":false,"bytecodeHash":"ipfs","appendCBOR":true},"outputSelection":{"*":{"":["ast"],"*":["abi","evm.bytecode","evm.deployedBytecode","evm.methodIdentifiers","metadata"]}},"evmVersion":"paris","viaIR":false,"libraries":{}},"vyper":{"evmVersion":"paris","outputSelection":{"*":{"*":["abi","evm.bytecode","evm.deployedBytecode"]}}}},"imports":[],"versionRequirement":"^0.8.20","artifacts":{"Context":{"0.8.20":{"path":"Context.sol/Context.json","build_id":"004d6a6663804a9f89de5a08627c982f"}}},"seenByCompiler":true},"src/PoolFactory.sol":{"lastModificationDate":1721629561034,"contentHash":"65a308fb7677f178e76a18ed29bba642","sourceName":"src/PoolFactory.sol","compilerSettings":{"solc":{"optimizer":{"enabled":true,"runs":200},"metadata":{"useLiteralContent":false,"bytecodeHash":"ipfs","appendCBOR":true},"outputSelection":{"*":{"":["ast"],"*":["abi","evm.bytecode","evm.deployedBytecode","evm.methodIdentifiers","metadata"]}},"evmVersion":"paris","viaIR":false,"libraries":{}},"vyper":{"evmVersion":"paris","outputSelection":{"*":{"*":["abi","evm.bytecode","evm.deployedBytecode"]}}}},"imports":["lib/forge-std/src/interfaces/IERC20.sol","lib/openzeppelin-contracts/contracts/interfaces/draft-IERC6093.sol","lib/openzeppelin-contracts/contracts/token/ERC20/ERC20.sol","lib/openzeppelin-contracts/contracts/token/ERC20/IERC20.sol","lib/openzeppelin-contracts/contracts/token/ERC20/extensions/IERC20Metadata.sol","lib/openzeppelin-contracts/contracts/token/ERC20/extensions/IERC20Permit.sol","lib/openzeppelin-contracts/contracts/token/ERC20/utils/SafeERC20.sol","lib/openzeppelin-contracts/contracts/utils/Address.sol","lib/openzeppelin-contracts/contracts/utils/Context.sol","src/TSwapPool.sol"],"versionRequirement":"^0.8.19","artifacts":{"PoolFactory":{"0.8.20":{"path":"PoolFactory.sol/PoolFactory.json","build_id":"004d6a6663804a9f89de5a08627c982f"}}},"seenByCompiler":true},"src/TSwapPool.sol":{"lastModificationDate":1721903684940,"contentHash":"b9da653fe6ffd9ab5b43098fede52162","sourceName":"src/TSwapPool.sol","compilerSettings":{"solc":{"optimizer":{"enabled":true,"runs":200},"metadata":{"useLiteralContent":false,"bytecodeHash":"ipfs","appendCBOR":true},"outputSelection":{"*":{"":["ast"],"*":["abi","evm.bytecode","evm.deployedBytecode","evm.methodIdentifiers","metadata"]}},"evmVersion":"paris","viaIR":false,"libraries":{}},"vyper":{"evmVersion":"paris","outputSelection":{"*":{"*":["abi","evm.bytecode","evm.deployedBytecode"]}}}},"imports":["lib/openzeppelin-contracts/contracts/interfaces/draft-IERC6093.sol","lib/openzeppelin-contracts/contracts/token/ERC20/ERC20.sol","lib/openzeppelin-contracts/contracts/token/ERC20/IERC20.sol","lib/openzeppelin-contracts/contracts/token/ERC20/extensions/IERC20Metadata.sol","lib/openzeppelin-contracts/contracts/token/ERC20/extensions/IERC20Permit.sol","lib/openzeppelin-contracts/contracts/token/ERC20/utils/SafeERC20.sol","lib/openzeppelin-contracts/contracts/utils/Address.sol","lib/openzeppelin-contracts/contracts/utils/Context.sol"],"versionRequirement":"^0.8.19","artifacts":{"TSwapPool":{"0.8.20":{"path":"TSwapPool.sol/TSwapPool.json","build_id":"004d6a6663804a9f89de5a08627c982f"}}},"seenByCompiler":true}},"builds":["004d6a6663804a9f89de5a08627c982f"]}